Workbook

Sheet inputs
A1: parameter | B1: value | C1: notes
A2: long_haul_threshold | B2: 600 | C2: Distance threshold to consider long-haul trucking (km). 2x operating radius of 300km in Sebastian's work
A3: autonomie_tech_case | B3: Low | C3: Autonomie technological progress ('Case')
A4: overnight_charging_share | B4: 0.5 | C4: Share of overnight charging vs. (overnight + fast) charging. Placeholder value. To be updated from truck charging simulator using GPS data
A5: eRoads_max_aadtt | B5: 42000 | C5: - Large trucks have speed limit cap of 105 km/h, following distance at least 60 metres (https://www.ontario.ca/document/official-ministry-transportation-mto-truck-handbook/driver-conduct) - Truck headway: (60m / (105km/h * 1000 / 3600)) = 2.057 seconds - Maximum truck flow per day = (60sec * 60min * 24hr) / 2.057sec = 42,000 trucks/day

Sheet truck_specs
A1: tech_veh | B1: tech_supply | C1: Bin | D1: Powertrain | E1: desired_range_km | F1: eRoads_equipment_kg | G1: eRoads_equipment_cost | H1: charger_standard_kW | I1: charger_fast_kW | J1: avg_capacity_factor | K1: notes
A2: T_HDV_T_LH_BEV_LRGBATT | B2: T_HDV_T_LH_CHRG_LRGBATT | C2: NaN | D2: BEV | E2: =1.5*500*1.609 -> 1206.75 | F2: 0 | G2: 0 | H2: 350 | I2: 350 | J2: 0.2 | K2: desired range: 1.5x of Autonomie range (500 miles). Enough for 12h constant driving at 100 km/h. avg_capacity_factor: Travel Center. Long-term utilization. (Bennett 2022)
A3: T_HDV_T_LH_BEV_FSTCHRG | B3: T_HDV_T_LH_CHRG_FSTCHRG | C3: NaN | D3: BEV | E3: =500*1.609 -> 804.5 | F3: 0 | G3: 0 | H3: 350 | I3: 3000 | J3: 0.08 | K3: desired range: same as Autonomie range (500 miles). Megawatt charging system max power 3MW (Bennett 2022) avg_capacity_factor: En Route, 3 MW charger. Long-term utilization. Average of low and high utilization (Bennett 2022)
A4: T_HDV_T_LH_BEV_ERDS1 | B4: T_HDV_T_LH_CHRG_ERDS1 | C4: 1 | D4: BEV | E4: =0.5*500*1.609 -> 402.25 | F4: 100 | G4: 7500 | H4: NaN | I4: NaN | J4: ='MTO iCorridor AADTT'!$AA9/inputs!$B$5 -> 0.37689159 | K4: desired range: 0.5x of Autonomie range (500 miles). eRoads onboard equipment weight: 100 kg (Yeow et al 2024), cost: 2020 US$7,500 (Yeow et al 2024)
A5: T_HDV_T_LH_BEV_ERDS2 | B5: T_HDV_T_LH_CHRG_ERDS2 | C5: 2 | D5: BEV | E5: =0.5*500*1.609 -> 402.25 | F5: 100 | G5: 7500 | H5: NaN | I5: NaN | J5: ='MTO iCorridor AADTT'!$AA10/inputs!$B$5 -> 0.13977148 | K5: desired range: 0.5x of Autonomie range (500 miles). eRoads onboard equipment weight: 100 kg (Yeow et al 2024), cost: 2020 US$7,500 (Yeow et al 2024)
A6: T_HDV_T_LH_BEV_ERDS3 | B6: T_HDV_T_LH_CHRG_ERDS3 | C6: 3 | D6: BEV | E6: =0.5*500*1.609 -> 402.25 | F6: 100 | G6: 7500 | H6: NaN | I6: NaN | J6: ='MTO iCorridor AADTT'!$AA11/inputs!$B$5 -> 0.037129023 | K6: desired range: 0.5x of Autonomie range (500 miles). eRoads onboard equipment weight: 100 kg (Yeow et al 2024), cost: 2020 US$7,500 (Yeow et al 2024)
A7: T_HDV_T_LH_BEV_ERDS4 | B7: T_HDV_T_LH_CHRG_ERDS4 | C7: 4 | D7: BEV | E7: =0.5*500*1.609 -> 402.25 | F7: 100 | G7: 7500 | H7: NaN | I7: NaN | J7: ='MTO iCorridor AADTT'!$AA12/inputs!$B$5 -> 0.01414131 | K7: desired range: 0.5x of Autonomie range (500 miles). eRoads onboard equipment weight: 100 kg (Yeow et al 2024), cost: 2020 US$7,500 (Yeow et al 2024)
A8: T_HDV_T_LH_BEV_ERDS5 | B8: T_HDV_T_LH_CHRG_ERDS5 | C8: 5 | D8: BEV | E8: =0.5*500*1.609 -> 402.25 | F8: 100 | G8: 7500 | H8: NaN | I8: NaN | J8: ='MTO iCorridor AADTT'!$AA13/inputs!$B$5 -> 0.0020924996 | K8: desired range: 0.5x of Autonomie range (500 miles). eRoads onboard equipment weight: 100 kg (Yeow et al 2024), cost: 2020 US$7,500 (Yeow et al 2024)
A9: T_HDV_T_LH_FCEV | B9: T_H2_HDV_T_LH_REFUEL | C9: NaN | D9: FCEV | E9: =500*1.609 -> 804.5 | F9: 0 | G9: 0 | H9: =13.2*120*1000/60 -> 26400 | I9: =H9 -> 26400 | J9: 0.5 | K9: desired range: same as Autonomie range (500 miles). Fill rate: Demonstrated 13.2 kgH2/min average (https://www.nrel.gov/news/detail/program/2022/fast-flow-future-heavy-duty-hydrogen-trucks). LHV 120MJ/kgH2. avg_capacity_factor: 50% from IEA Future of Hydrogen Report Assumptions Annex - Distribution https://iea.blob.core.windows.net/assets/29b027e5-fefc-47df-aed0-456b1bb38844/IEA-The-Future-of-Hydrogen-Assumptions-Annex_CORR.pdf

Sheet database_index
A1: db_id | B1: db_path | C1: db_path_old | D1: profile_name | E1: display_name | F1: db_date | G1: num_rep_days | H1: temoa_version | I1: notes
A2: aaa | B2: =_xlfn.CONCAT(A2, ".sqlite") -> aaa.sqlite | C2: canoe_on_16d_baseline_newtech_v3_1 | E2: Baseline new tech | F2: 20260101 | G2: 16 | H2: 3_1 | I2: Baseline, root database
A3: wrn | B3: =_xlfn.CONCAT(A3, ".sqlite") -> wrn.sqlite | C3: canoe_on_16d_baseline_newtech_atriprofiles_v3_1 | D3: Min power | E3: ATRI data min power | F3: 20260101 | G3: 16 | H3: 3_1
A4: ljv | B4: =_xlfn.CONCAT(A4, ".sqlite") -> ljv.sqlite | C4: canoe_on_16d_baseline_newtech_flat_v3_1 | D4: Flat | E4: Flat | F4: 20260101 | G4: 16 | H4: 3_1
A5: rhl | B5: =_xlfn.CONCAT(A5, ".sqlite") -> rhl.sqlite | C5: canoe_on_16d_baseline_newtech_simplemiddaypeak_v3_1 | D5: Simple mid-day peak | E5: Simple mid-day peak | F5: 20260101 | G5: 16 | H5: 3_1
A6: mid | B6: =_xlfn.CONCAT(A6, ".sqlite") -> mid.sqlite | C6: canoe_on_16d_baseline_newtech_nolhhdtelec_v3_1 | D6: nolhhdtelec | E6: No long-haul HDT electrification | F6: 20260101 | G6: 16 | H6: 3_1
A7: nhh | B7: =_xlfn.CONCAT(A7, ".sqlite") -> nhh.sqlite | C7: canoe_on_16d_baseline_newtech_flexdemand_v3_1 | D7: Flexible | E7: Flexible | F7: 20260101 | G7: 16 | H7: 3_1
A8: soe | B8: =_xlfn.CONCAT(A8, ".sqlite") -> soe.sqlite | C8: canoe_on_16d_baseline_newtech_atriprofiles_H2DACeDiesel_v3_1 | D8: ATRI data, min power | E8: Forcing H2 and e-diesel | F8: 20260101 | G8: 16 | H8: 3_1 | I8: - Long-haul trucks can only be diesel and H2FCETs (no BEVs) - Only allow H2 produced with PEM - Gradually phase out petroleum diesel
A9: cqh | B9: =_xlfn.CONCAT(A9, ".sqlite") -> cqh.sqlite | C9: canoe_on_16d_baseline_newtech_solarfreeflip_v3_1 | D9: freesolar flippedpeak | E9: Free solar flipped peak | F9: 20260101 | G9: 16 | H9: 3_1
A10: xcc | B10: =_xlfn.CONCAT(A10, ".sqlite") -> xcc.sqlite | C10: canoe_on_16d_baseline_newtech_todtest_v3_1 | E10: Time of day test | F10: 20260101 | G10: 16 | H10: 3_1
A11: iyw | B11: =_xlfn.CONCAT(A11, ".sqlite") -> iyw.sqlite | D11: Immediate | E11: ATRI data immediate | F11: 20260101 | G11: 16 | H11: 3_1
A12: jmo | B12: =_xlfn.CONCAT(A12, ".sqlite") -> jmo.sqlite | D12: Delayed | E12: ATRI data delayed | F12: 20260101 | G12: 16 | H12: 3_1
A13: fnh | B13: =_xlfn.CONCAT(A13, ".sqlite") -> fnh.sqlite | D13: ATRI data, min power | E13: Forcing H2 and e-diesel no solar wind D204 | F13: 20260101 | G13: 16 | H13: 3_1
A14: gkl | B14: =_xlfn.CONCAT(A14, ".sqlite") -> gkl.sqlite | D14: ATRI data, min power | E14: ATRI data min power swapped seasons VRE LHHDT | F14: 20260101 | G14: 16 | H14: 3_1
A15: hwj | B15: =_xlfn.CONCAT(A15, ".sqlite") -> hwj.sqlite | C15: canoe_dataset_ON_16d_bevsplit_growthlim_H2 | D15: Original CANOE national database | E15: Original CANOE national database | F15: 20260507 | G15: 16 | H15: 3_1 | I15: Started with original/canoe_dataset.sqlite; CANOE national database received from Dijuan on 2026 May 11. Originally from Davey on 2026 May 07; After CANOE_interface (ON, high res all sectors, current measures); After time series clustering (representative_periods) to get 16 days; After adding Dijuan's LDV BEV sales share mix, growth rate constraints. After adding H2 production, distribution and compression
A16: uez | B16: =_xlfn.CONCAT(A16, ".sqlite") -> uez.sqlite | D16: nolhhdtelec | E16: No long-haul HDT electrification | F16: 20260507 | G16: 16 | H16: 3_1
A17: htl | B17: =_xlfn.CONCAT(A17, ".sqlite") -> htl.sqlite | D17: Flexible | E17: Flexible | F17: 20260507 | G17: 16 | H17: 3_1
A18: aum | B18: =_xlfn.CONCAT(A18, ".sqlite") -> aum.sqlite | D18: Min power | E18: ATRI data min power | F18: 20260507 | G18: 16 | H18: 3_1
A19: xlv | B19: =_xlfn.CONCAT(A19, ".sqlite") -> xlv.sqlite | D19: Immediate | E19: ATRI data immediate | F19: 20260507 | G19: 16 | H19: 3_1
A20: bxl | B20: =_xlfn.CONCAT(A20, ".sqlite") -> bxl.sqlite | D20: Delayed | E20: ATRI data delayed | F20: 20260507 | G20: 16 | H20: 3_1
A21: roa | B21: =_xlfn.CONCAT(A21, ".sqlite") -> roa.sqlite | D21: Flat | E21: Flat | F21: 20260507 | G21: 16 | H21: 3_1
A22: xuw | B22: =_xlfn.CONCAT(A22, ".sqlite") -> xuw.sqlite | D22: Simple mid-day peak | E22: Simple mid-day peak | F22: 20260507 | G22: 16 | H22: 3_1
A23: myh | B23: =_xlfn.CONCAT(A23, ".sqlite") -> myh.sqlite | D23: ATRI data, min power | E23: Forcing H2 and e-diesel | F23: 20260507 | G23: 16 | H23: 3_1 | I23: - Long-haul trucks can only be diesel and H2FCETs (no BEVs) - Only allow H2 produced with PEM - Gradually phase out petroleum diesel
A24: nzx | B24: =_xlfn.CONCAT(A24, ".sqlite") -> nzx.sqlite | C24: ON_16d_bevsplit_growthlim_newtech | D24: Baseline new tech | E24: Baseline new tech | F24: 20260507 | G24: 16 | H24: 3_1 | I24: With social cost of carbon, long-haul truck disaggregation
A25: wtz | B25: =_xlfn.CONCAT(A25, ".sqlite") -> wtz.sqlite | D25: Immediate, fuel cost | E25: ATRI data immediate fuel cost | F25: 20260507 | G25: 16 | H25: 3_1 | I25: With dummy bypass techs to estimate equivalent fuel costs
A26: izo | B26: =_xlfn.CONCAT(A26, ".sqlite") -> izo.sqlite | D26: Immediate, fuel cost, no ediesel | E26: ATRI data immediate fuel cost no ediesel | F26: 20260507 | G26: 16 | H26: 3_1 | I26: With dummy bypass techs to estimate equivalent fuel costs, no e-diesel
A27: xnc | B27: =_xlfn.CONCAT(A27, ".sqlite") -> xnc.sqlite | D27: Immediate, fuel cost, no eroads | E27: ATRI data immediate fuel cost no eroads | F27: 20260507 | G27: 16 | H27: 3_1 | I27: With dummy bypass techs to estimate equivalent fuel costs, no eroads
A28: lii | B28: =_xlfn.CONCAT(A28, ".sqlite") -> lii.sqlite | D28: Immediate, upstream cost | E28: ATRI data immediate upstream cost | F28: 20260507 | G28: 16 | H28: 3_1 | I28: With dummy techs to estimate upstream costs
A29: kki | B29: =_xlfn.CONCAT(A29, ".sqlite") -> kki.sqlite | D29: Flat, upstream cost | E29: Flat upstream cost | F29: 20260507 | G29: 16 | H29: 3_1 | I29: With dummy techs to estimate upstream costs
A30: oqh | B30: =_xlfn.CONCAT(A30, ".sqlite") -> oqh.sqlite | D30: Immediate, duals | E30: Immediate duals | F30: 20260507 | G30: 16 | H30: 3_1 | I30: With transfer techs to observe duals
A31: olr | B31: =_xlfn.CONCAT(A31, ".sqlite") -> olr.sqlite
A32: uoj | B32: =_xlfn.CONCAT(A32, ".sqlite") -> uoj.sqlite
A33: oog | B33: =_xlfn.CONCAT(A33, ".sqlite") -> oog.sqlite
A34: esf | B34: =_xlfn.CONCAT(A34, ".sqlite") -> esf.sqlite
A35: qjw | B35: =_xlfn.CONCAT(A35, ".sqlite") -> qjw.sqlite
A36: rix | B36: =_xlfn.CONCAT(A36, ".sqlite") -> rix.sqlite
A37: glw | B37: =_xlfn.CONCAT(A37, ".sqlite") -> glw.sqlite
A38: vth | B38: =_xlfn.CONCAT(A38, ".sqlite") -> vth.sqlite
A39: sbb | B39: =_xlfn.CONCAT(A39, ".sqlite") -> sbb.sqlite
A40: qdd | B40: =_xlfn.CONCAT(A40, ".sqlite") -> qdd.sqlite
A41: yxl | B41: =_xlfn.CONCAT(A41, ".sqlite") -> yxl.sqlite
A42: jzy | B42: =_xlfn.CONCAT(A42, ".sqlite") -> jzy.sqlite
... A117: jpl | B117: =_xlfn.CONCAT(A117, ".sqlite") -> jpl.sqlite
A118: nce
A119: dxw
A120: upc
A121: pjj
A122: hpn
A123: liu
A124: otz
A125: pgz
A126: wqn
A127: wiz
A128: oih
A129: jly
... A201: oca

Sheet sample_profiles
A1: tod | B1: flat | C1: simple_midday_peak
A2: H01 | B2: 1 | C2: =ROUND(SIN(PI()*(ROW(C2)-2)/23)^2, 3) -> 0
A3: H02 | B3: 1 | C3: =ROUND(SIN(PI()*(ROW(C3)-2)/23)^2, 3) -> 0.019
A4: H03 | B4: 1 | C4: =ROUND(SIN(PI()*(ROW(C4)-2)/23)^2, 3) -> 0.073
A5: H04 | B5: 1 | C5: =ROUND(SIN(PI()*(ROW(C5)-2)/23)^2, 3) -> 0.159
A6: H05 | B6: 1 | C6: =ROUND(SIN(PI()*(ROW(C6)-2)/23)^2, 3) -> 0.27
A7: H06 | B7: 1 | C7: =ROUND(SIN(PI()*(ROW(C7)-2)/23)^2, 3) -> 0.398
A8: H07 | B8: 1 | C8: =ROUND(SIN(PI()*(ROW(C8)-2)/23)^2, 3) -> 0.534
A9: H08 | B9: 1 | C9: =ROUND(SIN(PI()*(ROW(C9)-2)/23)^2, 3) -> 0.667
A10: H09 | B10: 1 | C10: =ROUND(SIN(PI()*(ROW(C10)-2)/23)^2, 3) -> 0.788
A11: H10 | B11: 1 | C11: =ROUND(SIN(PI()*(ROW(C11)-2)/23)^2, 3) -> 0.888
A12: H11 | B12: 1 | C12: =ROUND(SIN(PI()*(ROW(C12)-2)/23)^2, 3) -> 0.959
A13: H12 | B13: 1 | C13: =ROUND(SIN(PI()*(ROW(C13)-2)/23)^2, 3) -> 0.995
... A25: H24 | B25: 1 | C25: =ROUND(SIN(PI()*(ROW(C25)-2)/23)^2, 3) -> 0

Sheet MTO iCorridor AADTT
A1: FID | B1: FID_1 | C1: ID | D1: LENGTH | E1: LHRS | F1: OFFSET | G1: TRAFFICSEC | H1: HIGHWAY | I1: AADTT19 | J1: AADTT19xLength | K1: AADTT19_rank | L1: AADTT19_cumsum | M1: AADTT19xLength_cumsum | N1: LENGTH_cumsum | O1: LENGTH_cumsum_prop | P1: Bin
A2: 66 | B2: 862 | C2: 1618 | D2: 2.14 | E2: 47673 | F2: 0 | G2: 47673000 | H2: 401 | I2: 46100 | J2: =I2*D2 -> 98654 | K2: 1 | L2: =SUM($I$2:$I2) -> 46100 | M2: =SUM($J$2:$J2) -> 98654 | N2: =SUM($D$2:$D2) -> 2.14 | O2: =N2/$T$4 -> 0.00012752989 | P2: {=SUMPRODUCT((O2>$T$9:$T$14)*(O2<=$U$9:$U$14),$S$9:$S$14)} -> 1
A3: 905 | B3: 531 | C3: 171 | D3: 1.01 | E3: 10116 | F3: 0 | G3: 10116000 | H3: QEW | I3: 45900 | J3: =I3*D3 -> 46359 | K3: 2 | L3: =SUM($I$2:$I3) -> 92000 | M3: =SUM($J$2:$J3) -> 145013 | N3: =SUM($D$2:$D3) -> 3.15 | O3: =N3/$T$4 -> 0.00018771923 | P3: {=SUMPRODUCT((O3>$T$9:$T$14)*(O3<=$U$9:$U$14),$S$9:$S$14)} -> 1 | R3: AADTT19_sum | S3: AADTT19xLength_sum | T3: LENGTH_sum
A4: 1549 | B4: 381 | C4: 1525 | D4: 4.59 | E4: 47730 | F4: 0 | G4: 47730000 | H4: 401 | I4: 45000 | J4: =I4*D4 -> 206550 | K4: 3 | L4: =SUM($I$2:$I4) -> 137000 | M4: =SUM($J$2:$J4) -> 351563 | N4: =SUM($D$2:$D4) -> 7.74 | O4: =N4/$T$4 -> 0.00046125296 | P4: {=SUMPRODUCT((O4>$T$9:$T$14)*(O4<=$U$9:$U$14),$S$9:$S$14)} -> 1 | R4: =SUM($I$2:$I$1845) -> 6345680 | S4: =SUM($J$2:$J$1845) -> 25360717 | T4: =SUM(D2:D1854) -> 16780.38
A5: 904 | B5: 530 | C5: 170 | D5: 0.81 | E5: 10120 | F5: 0 | G5: 10120000 | H5: QEW | I5: 42900 | J5: =I5*D5 -> 34749 | K5: 4 | L5: =SUM($I$2:$I5) -> 179900 | M5: =SUM($J$2:$J5) -> 386312 | N5: =SUM($D$2:$D5) -> 8.55 | O5: =N5/$T$4 -> 0.00050952362 | P5: {=SUMPRODUCT((O5>$T$9:$T$14)*(O5<=$U$9:$U$14),$S$9:$S$14)} -> 1
A6: 903 | B6: 529 | C6: 168 | D6: 1.92 | E6: 10121 | F6: 0 | G6: 10121000 | H6: QEW | I6: 42400 | J6: =I6*D6 -> 81408 | K6: 5 | L6: =SUM($I$2:$I6) -> 222300 | M6: =SUM($J$2:$J6) -> 467720 | N6: =SUM($D$2:$D6) -> 10.47 | O6: =N6/$T$4 -> 0.00062394296 | P6: {=SUMPRODUCT((O6>$T$9:$T$14)*(O6<=$U$9:$U$14),$S$9:$S$14)} -> 1
A7: 1627 | B7: 1627 | C7: 2120 | D7: 1.45 | E7: 47660 | F7: 0 | G7: 47660000 | H7: 401 | I7: 42100 | J7: =I7*D7 -> 61045 | K7: 6 | L7: =SUM($I$2:$I7) -> 264400 | M7: =SUM($J$2:$J7) -> 528765 | N7: =SUM($D$2:$D7) -> 11.92 | O7: =N7/$T$4 -> 0.0007103534 | P7: {=SUMPRODUCT((O7>$T$9:$T$14)*(O7<=$U$9:$U$14),$S$9:$S$14)} -> 1 | R7: Custom bin length
A8: 377 | B8: 1172 | C8: 2056 | D8: 1.41 | E8: 47661 | F8: 0 | G8: 47661000 | H8: 401 | I8: 41800 | J8: =I8*D8 -> 58938 | K8: 7 | L8: =SUM($I$2:$I8) -> 306200 | M8: =SUM($J$2:$J8) -> 587703 | N8: =SUM($D$2:$D8) -> 13.33 | O8: =N8/$T$4 -> 0.0007943801 | P8: {=SUMPRODUCT((O8>$T$9:$T$14)*(O8<=$U$9:$U$14),$S$9:$S$14)} -> 1 | R8: Top xx% | S8: Bin | T8: start % | U8: end % | V8: Cumulative length (km) | W8: Length (km) | X8: AADTT19_cumsum | Y8: cumul perc of AADTT19 | Z8: perc of AADTT19 | AA8: Length wt avg AADTT19 | AB8: LenWtAvgAADTT19 X PercAADTT19 | AD8: LenWtAvgAADTT 19 X Length | AE8: % of total
A9: 85 | B9: 881 | C9: 1638 | D9: 0.76 | E9: 47671 | F9: 0 | G9: 47671000 | H9: 401 | I9: 40500 | J9: =I9*D9 -> 30780 | K9: 8 | L9: =SUM($I$2:$I9) -> 346700 | M9: =SUM($J$2:$J9) -> 618483 | N9: =SUM($D$2:$D9) -> 14.09 | O9: =N9/$T$4 -> 0.00083967109 | P9: {=SUMPRODUCT((O9>$T$9:$T$14)*(O9<=$U$9:$U$14),$S$9:$S$14)} -> 1 | R9: 0.05 | S9: 1 | T9: 0 | U9: =R9 -> 0.05 | V9: =(R9-0)*$T$4 -> 839.019 | W9: =R9*$T$4 -> 839.019 | X9: =SUMIF($N$2:$N$1845,"<="&$V9,$I$2:$I$1845) -> 4344750 | Y9: =X9/$R$4 -> 0.6846784 | Z9: =Y9 -> 0.6846784 | AA9: =SUMIF($P$2:$P$1845,$S9,$J$2:$J$1845)/W9 -> 15829.447 | AB9: =AA9*Y9 -> 10838.08 | AD9: =AA9*W9 -> 13281206 | AE9: =AD9/SUM($AD$9:$AD$14) -> 0.52369206
A10: 1610 | B10: 1610 | C10: 2100 | D10: 2.48 | E10: 47663 | F10: 0 | G10: 47663000 | H10: 401 | I10: 40300 | J10: =I10*D10 -> 99944 | K10: 9 | L10: =SUM($I$2:$I10) -> 387000 | M10: =SUM($J$2:$J10) -> 718427 | N10: =SUM($D$2:$D10) -> 16.57 | O10: =N10/$T$4 -> 0.00098746274 | P10: {=SUMPRODUCT((O10>$T$9:$T$14)*(O10<=$U$9:$U$14),$S$9:$S$14)} -> 1 | R10: 0.1 | S10: 2 | T10: =R9 -> 0.05 | U10: =R10 -> 0.1 | V10: =(R10-0)*$T$4 -> 1678.038 | W10: =(R10-R9)*$T$4 -> 839.019 | X10: =SUMIF($N$2:$N$1845,"<="&$V10,$I$2:$I$1845) -> 5379750 | Y10: =X10/$R$4 -> 0.84778148 | Z10: =Y10-Y9 -> 0.16310309 | AA10: =SUMIF($P$2:$P$1845,$S10,$J$2:$J$1845)/W10 -> 5870.4022 | AB10: =AA10*Y10 -> 4976.8183 | AD10: =AA10*W10 -> 4925379 | AE10: =AD10/SUM($AD$9:$AD$14) -> 0.19421292
A11: 36 | B11: 832 | C11: 1586 | D11: 4.36 | E11: 47672 | F11: 0 | G11: 47672000 | H11: 401 | I11: 37200 | J11: =I11*D11 -> 162192 | K11: 10 | L11: =SUM($I$2:$I11) -> 424200 | M11: =SUM($J$2:$J11) -> 880619 | N11: =SUM($D$2:$D11) -> 20.93 | O11: =N11/$T$4 -> 0.00124729 | P11: {=SUMPRODUCT((O11>$T$9:$T$14)*(O11<=$U$9:$U$14),$S$9:$S$14)} -> 1 | R11: 0.25 | S11: 3 | T11: =R10 -> 0.1 | U11: =R11 -> 0.25 | V11: =(R11-0)*$T$4 -> 4195.095 | W11: =(R11-R10)*$T$4 -> 2517.057 | X11: =SUMIF($N$2:$N$1845,"<="&$V11,$I$2:$I$1845) -> 6019990 | Y11: =X11/$R$4 -> 0.94867532 | Z11: =Y11-Y10 -> 0.10089384 | AA11: =SUMIF($P$2:$P$1845,$S11,$J$2:$J$1845)/W11 -> 1559.419 | AB11: =AA11*Y11 -> 1479.3823 | AD11: =AA11*W11 -> 3925146.4 | AE11: =AD11/SUM($AD$9:$AD$14) -> 0.15477269
A12: 86 | B12: 882 | C12: 1639 | D12: 2.8 | E12: 48250 | F12: 0 | G12: 48250000 | H12: 403 | I12: 35400 | J12: =I12*D12 -> 99120 | K12: 11 | L12: =SUM($I$2:$I12) -> 459600 | M12: =SUM($J$2:$J12) -> 979739 | N12: =SUM($D$2:$D12) -> 23.73 | O12: =N12/$T$4 -> 0.0014141515 | P12: {=SUMPRODUCT((O12>$T$9:$T$14)*(O12<=$U$9:$U$14),$S$9:$S$14)} -> 1 | R12: 0.5 | S12: 4 | T12: =R11 -> 0.25 | U12: =R12 -> 0.5 | V12: =(R12-0)*$T$4 -> 8390.19 | W12: =(R12-R11)*$T$4 -> 4195.095 | X12: =SUMIF($N$2:$N$1845,"<="&$V12,$I$2:$I$1845) -> 6296010 | Y12: =X12/$R$4 -> 0.99217263 | Z12: =Y12-Y11 -> 0.043497308 | AA12: =SUMIF($P$2:$P$1845,$S12,$J$2:$J$1845)/W12 -> 593.93504 | AB12: =AA12*Y12 -> 589.28609 | AD12: =AA12*W12 -> 2491613.9 | AE12: =AD12/SUM($AD$9:$AD$14) -> 0.09824698
A13: 16 | B13: 812 | C13: 1563 | D13: 2.74 | E13: 48255 | F13: 0 | G13: 48255000 | H13: 403 | I13: 35000 | J13: =I13*D13 -> 95900 | K13: 12 | L13: =SUM($I$2:$I13) -> 494600 | M13: =SUM($J$2:$J13) -> 1075639 | N13: =SUM($D$2:$D13) -> 26.47 | O13: =N13/$T$4 -> 0.0015774375 | P13: {=SUMPRODUCT((O13>$T$9:$T$14)*(O13<=$U$9:$U$14),$S$9:$S$14)} -> 1 | R13: 1 | S13: 5 | T13: =R12 -> 0.5 | U13: =R13 -> 1 | V13: =(R13-0)*$T$4 -> 16780.38 | W13: =(R13-R12)*$T$4 -> 8390.19 | X13: =SUMIF($N$2:$N$1845,"<="&$V13,$I$2:$I$1845) -> 6345680 | Y13: =X13/$R$4 -> 1 | Z13: =Y13-Y12 -> 0.0078273723 | AA13: =SUMIF($P$2:$P$1845,$S13,$J$2:$J$1845)/W13 -> 87.884982 | AB13: =AA13*Y13 -> 87.884982 | AD13: =AA13*W13 -> 737371.7 | AE13: =AD13/SUM($AD$9:$AD$14) -> 0.029075349
A14: 97 | B14: 893 | C14: 1651 | D14: 1.01 | E14: 50260 | F14: 0 | G14: 50260000 | H14: 427 | I14: 33500 | J14: =I14*D14 -> 33835 | K14: 13 | L14: =SUM($I$2:$I14) -> 528100 | M14: =SUM($J$2:$J14) -> 1109474 | N14: =SUM($D$2:$D14) -> 27.48 | O14: =N14/$T$4 -> 0.0016376268 | P14: {=SUMPRODUCT((O14>$T$9:$T$14)*(O14<=$U$9:$U$14),$S$9:$S$14)} -> 1 | AD14: =AA14*W14 -> 0 | AE14: =AD14/SUM($AD$9:$AD$14) -> 0
A15: 889 | B15: 515 | C15: 150 | D15: 2.99 | E15: 10137 | F15: 0 | G15: 10137000 | H15: QEW | I15: 33300 | J15: =I15*D15 -> 99567 | K15: 14 | L15: =SUM($I$2:$I15) -> 561400 | M15: =SUM($J$2:$J15) -> 1209041 | N15: =SUM($D$2:$D15) -> 30.47 | O15: =N15/$T$4 -> 0.0018158111 | P15: {=SUMPRODUCT((O15>$T$9:$T$14)*(O15<=$U$9:$U$14),$S$9:$S$14)} -> 1
A16: 1591 | B16: 1591 | C16: 2080 | D16: 1.91 | E16: 50219 | F16: 0 | G16: 50219000 | H16: 427 | I16: 33000 | J16: =I16*D16 -> 63030 | K16: 15 | L16: =SUM($I$2:$I16) -> 594400 | M16: =SUM($J$2:$J16) -> 1272071 | N16: =SUM($D$2:$D16) -> 32.38 | O16: =N16/$T$4 -> 0.0019296345 | P16: {=SUMPRODUCT((O16>$T$9:$T$14)*(O16<=$U$9:$U$14),$S$9:$S$14)} -> 1
A17: 1664 | B17: 1664 | C17: 2162 | D17: 1.73 | E17: 50210 | F17: 0 | G17: 50210000 | H17: 427 | I17: 32600 | J17: =I17*D17 -> 56398 | K17: 16 | L17: =SUM($I$2:$I17) -> 627000 | M17: =SUM($J$2:$J17) -> 1328469 | N17: =SUM($D$2:$D17) -> 34.11 | O17: =N17/$T$4 -> 0.0020327311 | P17: {=SUMPRODUCT((O17>$T$9:$T$14)*(O17<=$U$9:$U$14),$S$9:$S$14)} -> 1
A18: 43 | B18: 839 | C18: 1593 | D18: 2.12 | E18: 47680 | F18: 0 | G18: 47680000 | H18: 401 | I18: 32400 | J18: =I18*D18 -> 68688 | K18: 17 | L18: =SUM($I$2:$I18) -> 659400 | M18: =SUM($J$2:$J18) -> 1397157 | N18: =SUM($D$2:$D18) -> 36.23 | O18: =N18/$T$4 -> 0.0021590691 | P18: {=SUMPRODUCT((O18>$T$9:$T$14)*(O18<=$U$9:$U$14),$S$9:$S$14)} -> 1
A19: 1571 | B19: 1571 | C19: 2060 | D19: 3.2 | E19: 47656 | F19: 0 | G19: 47656000 | H19: 401 | I19: 32300 | J19: =I19*D19 -> 103360 | K19: 18 | L19: =SUM($I$2:$I19) -> 691700 | M19: =SUM($J$2:$J19) -> 1500517 | N19: =SUM($D$2:$D19) -> 39.43 | O19: =N19/$T$4 -> 0.002349768 | P19: {=SUMPRODUCT((O19>$T$9:$T$14)*(O19<=$U$9:$U$14),$S$9:$S$14)} -> 1
A20: 1661 | B20: 1661 | C20: 2159 | D20: 0.8 | E20: 47652 | F20: 0 | G20: 47652000 | H20: 401 | I20: 32300 | J20: =I20*D20 -> 25840 | K20: 19 | L20: =SUM($I$2:$I20) -> 724000 | M20: =SUM($J$2:$J20) -> 1526357 | N20: =SUM($D$2:$D20) -> 40.23 | O20: =N20/$T$4 -> 0.0023974427 | P20: {=SUMPRODUCT((O20>$T$9:$T$14)*(O20<=$U$9:$U$14),$S$9:$S$14)} -> 1
A21: 896 | B21: 522 | C21: 157 | D21: 0.4 | E21: 10129 | F21: 0 | G21: 10129000 | H21: QEW | I21: 32000 | J21: =I21*D21 -> 12800 | K21: 20 | L21: =SUM($I$2:$I21) -> 756000 | M21: =SUM($J$2:$J21) -> 1539157 | N21: =SUM($D$2:$D21) -> 40.63 | O21: =N21/$T$4 -> 0.0024212801 | P21: {=SUMPRODUCT((O21>$T$9:$T$14)*(O21<=$U$9:$U$14),$S$9:$S$14)} -> 1
A22: 1630 | B22: 1630 | C22: 2124 | D22: 2.03 | E22: 47654 | F22: 0 | G22: 47654000 | H22: 401 | I22: 31700 | J22: =I22*D22 -> 64351 | K22: 21 | L22: =SUM($I$2:$I22) -> 787700 | M22: =SUM($J$2:$J22) -> 1603508 | N22: =SUM($D$2:$D22) -> 42.66 | O22: =N22/$T$4 -> 0.0025422547 | P22: {=SUMPRODUCT((O22>$T$9:$T$14)*(O22<=$U$9:$U$14),$S$9:$S$14)} -> 1
A23: 115 | B23: 911 | C23: 1670 | D23: 0.3 | E23: 50205 | F23: 0 | G23: 50205000 | H23: 427 | I23: 31700 | J23: =I23*D23 -> 9510 | K23: 22 | L23: =SUM($I$2:$I23) -> 819400 | M23: =SUM($J$2:$J23) -> 1613018 | N23: =SUM($D$2:$D23) -> 42.96 | O23: =N23/$T$4 -> 0.0025601327 | P23: {=SUMPRODUCT((O23>$T$9:$T$14)*(O23<=$U$9:$U$14),$S$9:$S$14)} -> 1
A24: 1556 | B24: 388 | C24: 1533 | D24: 1.42 | E24: 47650 | F24: 0 | G24: 47650000 | H24: 401 | I24: 30400 | J24: =I24*D24 -> 43168 | K24: 23 | L24: =SUM($I$2:$I24) -> 849800 | M24: =SUM($J$2:$J24) -> 1656186 | N24: =SUM($D$2:$D24) -> 44.38 | O24: =N24/$T$4 -> 0.0026447554 | P24: {=SUMPRODUCT((O24>$T$9:$T$14)*(O24<=$U$9:$U$14),$S$9:$S$14)} -> 1
A25: 109 | B25: 905 | C25: 1663 | D25: 1.51 | E25: 47624 | F25: 0 | G25: 47624000 | H25: 401 | I25: 29900 | J25: =I25*D25 -> 45149 | K25: 24 | L25: =SUM($I$2:$I25) -> 879700 | M25: =SUM($J$2:$J25) -> 1701335 | N25: =SUM($D$2:$D25) -> 45.89 | O25: =N25/$T$4 -> 0.0027347414 | P25: {=SUMPRODUCT((O25>$T$9:$T$14)*(O25<=$U$9:$U$14),$S$9:$S$14)} -> 1
A26: 119 | B26: 915 | C26: 1674 | D26: 2.63 | E26: 47610 | F26: 0 | G26: 47610000 | H26: 401 | I26: 29700 | J26: =I26*D26 -> 78111 | K26: 25 | L26: =SUM($I$2:$I26) -> 909400 | M26: =SUM($J$2:$J26) -> 1779446 | N26: =SUM($D$2:$D26) -> 48.52 | O26: =N26/$T$4 -> 0.0028914721 | P26: {=SUMPRODUCT((O26>$T$9:$T$14)*(O26<=$U$9:$U$14),$S$9:$S$14)} -> 1
A27: 890 | B27: 516 | C27: 151 | D27: 1.59 | E27: 10135 | F27: 0 | G27: 10135000 | H27: QEW | I27: 29700 | J27: =I27*D27 -> 47223 | K27: 26 | L27: =SUM($I$2:$I27) -> 939100 | M27: =SUM($J$2:$J27) -> 1826669 | N27: =SUM($D$2:$D27) -> 50.11 | O27: =N27/$T$4 -> 0.0029862256 | P27: {=SUMPRODUCT((O27>$T$9:$T$14)*(O27<=$U$9:$U$14),$S$9:$S$14)} -> 1
A28: 898 | B28: 524 | C28: 159 | D28: 2.02 | E28: 10126 | F28: 0 | G28: 10126000 | H28: QEW | I28: 29600 | J28: =I28*D28 -> 59792 | K28: 27 | L28: =SUM($I$2:$I28) -> 968700 | M28: =SUM($J$2:$J28) -> 1886461 | N28: =SUM($D$2:$D28) -> 52.13 | O28: =N28/$T$4 -> 0.0031066043 | P28: {=SUMPRODUCT((O28>$T$9:$T$14)*(O28<=$U$9:$U$14),$S$9:$S$14)} -> 1
A29: 120 | B29: 916 | C29: 1675 | D29: 1.74 | E29: 47607 | F29: 0 | G29: 47607000 | H29: 401 | I29: 29600 | J29: =I29*D29 -> 51504 | K29: 28 | L29: =SUM($I$2:$I29) -> 998300 | M29: =SUM($J$2:$J29) -> 1937965 | N29: =SUM($D$2:$D29) -> 53.87 | O29: =N29/$T$4 -> 0.0032102968 | P29: {=SUMPRODUCT((O29>$T$9:$T$14)*(O29<=$U$9:$U$14),$S$9:$S$14)} -> 1
A30: 366 | B30: 1161 | C30: 2045 | D30: 4.65 | E30: 48263 | F30: 0 | G30: 48263000 | H30: 403 | I30: 29000 | J30: =I30*D30 -> 134850 | K30: 29 | L30: =SUM($I$2:$I30) -> 1027300 | M30: =SUM($J$2:$J30) -> 2072815 | N30: =SUM($D$2:$D30) -> 58.52 | O30: =N30/$T$4 -> 0.0034874061 | P30: {=SUMPRODUCT((O30>$T$9:$T$14)*(O30<=$U$9:$U$14),$S$9:$S$14)} -> 1
A31: 1680 | B31: 1680 | C31: 2179 | D31: 1.7 | E31: 47643 | F31: 0 | G31: 47643000 | H31: 401 | I31: 28800 | J31: =I31*D31 -> 48960 | K31: 30 | L31: =SUM($I$2:$I31) -> 1056100 | M31: =SUM($J$2:$J31) -> 2121775 | N31: =SUM($D$2:$D31) -> 60.22 | O31: =N31/$T$4 -> 0.0035887149 | P31: {=SUMPRODUCT((O31>$T$9:$T$14)*(O31<=$U$9:$U$14),$S$9:$S$14)} -> 1
A32: 1615 | B32: 1615 | C32: 2107 | D32: 1.13 | E32: 47647 | F32: 0 | G32: 47647000 | H32: 401 | I32: 28700 | J32: =I32*D32 -> 32431 | K32: 31 | L32: =SUM($I$2:$I32) -> 1084800 | M32: =SUM($J$2:$J32) -> 2154206 | N32: =SUM($D$2:$D32) -> 61.35 | O32: =N32/$T$4 -> 0.0036560555 | P32: {=SUMPRODUCT((O32>$T$9:$T$14)*(O32<=$U$9:$U$14),$S$9:$S$14)} -> 1
A33: 42 | B33: 838 | C33: 1592 | D33: 2.64 | E33: 50280 | F33: 0 | G33: 50280000 | H33: 427 | I33: 28600 | J33: =I33*D33 -> 75504 | K33: 32 | L33: =SUM($I$2:$I33) -> 1113400 | M33: =SUM($J$2:$J33) -> 2229710 | N33: =SUM($D$2:$D33) -> 63.99 | O33: =N33/$T$4 -> 0.0038133821 | P33: {=SUMPRODUCT((O33>$T$9:$T$14)*(O33<=$U$9:$U$14),$S$9:$S$14)} -> 1
A34: 1605 | B34: 1605 | C34: 2095 | D34: 1.62 | E34: 47629 | F34: 0 | G34: 47629000 | H34: 401 | I34: 28600 | J34: =I34*D34 -> 46332 | K34: 33 | L34: =SUM($I$2:$I34) -> 1142000 | M34: =SUM($J$2:$J34) -> 2276042 | N34: =SUM($D$2:$D34) -> 65.61 | O34: =N34/$T$4 -> 0.0039099234 | P34: {=SUMPRODUCT((O34>$T$9:$T$14)*(O34<=$U$9:$U$14),$S$9:$S$14)} -> 1
A35: 361 | B35: 1156 | C35: 2040 | D35: 1.43 | E35: 48305 | F35: 0 | G35: 48305000 | H35: 403 | I35: 28500 | J35: =I35*D35 -> 40755 | K35: 34 | L35: =SUM($I$2:$I35) -> 1170500 | M35: =SUM($J$2:$J35) -> 2316797 | N35: =SUM($D$2:$D35) -> 67.04 | O35: =N35/$T$4 -> 0.0039951419 | P35: {=SUMPRODUCT((O35>$T$9:$T$14)*(O35<=$U$9:$U$14),$S$9:$S$14)} -> 1
A36: 1451 | B36: 283 | C36: 1406 | D36: 2.03 | E36: 47642 | F36: 0 | G36: 47642000 | H36: 401 | I36: 28400 | J36: =I36*D36 -> 57652 | K36: 35 | L36: =SUM($I$2:$I36) -> 1198900 | M36: =SUM($J$2:$J36) -> 2374449 | N36: =SUM($D$2:$D36) -> 69.07 | O36: =N36/$T$4 -> 0.0041161166 | P36: {=SUMPRODUCT((O36>$T$9:$T$14)*(O36<=$U$9:$U$14),$S$9:$S$14)} -> 1
A37: 25 | B37: 821 | C37: 1574 | D37: 1.62 | E37: 47628 | F37: 0 | G37: 47628000 | H37: 401 | I37: 28200 | J37: =I37*D37 -> 45684 | K37: 36 | L37: =SUM($I$2:$I37) -> 1227100 | M37: =SUM($J$2:$J37) -> 2420133 | N37: =SUM($D$2:$D37) -> 70.69 | O37: =N37/$T$4 -> 0.0042126579 | P37: {=SUMPRODUCT((O37>$T$9:$T$14)*(O37<=$U$9:$U$14),$S$9:$S$14)} -> 1
A38: 1593 | B38: 1593 | C38: 2082 | D38: 3.76 | E38: 47695 | F38: 0 | G38: 47695000 | H38: 401 | I38: 28100 | J38: =I38*D38 -> 105656 | K38: 37 | L38: =SUM($I$2:$I38) -> 1255200 | M38: =SUM($J$2:$J38) -> 2525789 | N38: =SUM($D$2:$D38) -> 74.45 | O38: =N38/$T$4 -> 0.0044367291 | P38: {=SUMPRODUCT((O38>$T$9:$T$14)*(O38<=$U$9:$U$14),$S$9:$S$14)} -> 1
A39: 1667 | B39: 1667 | C39: 2165 | D39: 1.98 | E39: 47635 | F39: 0 | G39: 47635000 | H39: 401 | I39: 28100 | J39: =I39*D39 -> 55638 | K39: 38 | L39: =SUM($I$2:$I39) -> 1283300 | M39: =SUM($J$2:$J39) -> 2581427 | N39: =SUM($D$2:$D39) -> 76.43 | O39: =N39/$T$4 -> 0.004554724 | P39: {=SUMPRODUCT((O39>$T$9:$T$14)*(O39<=$U$9:$U$14),$S$9:$S$14)} -> 1
A40: 26 | B40: 822 | C40: 1575 | D40: 1.94 | E40: 47640 | F40: 0 | G40: 47640000 | H40: 401 | I40: 27900 | J40: =I40*D40 -> 54126 | K40: 39 | L40: =SUM($I$2:$I40) -> 1311200 | M40: =SUM($J$2:$J40) -> 2635553 | N40: =SUM($D$2:$D40) -> 78.37 | O40: =N40/$T$4 -> 0.0046703352 | P40: {=SUMPRODUCT((O40>$T$9:$T$14)*(O40<=$U$9:$U$14),$S$9:$S$14)} -> 1
... A54: 82 | B54: 878 | C54: 1635 | D54: 1.61 | E54: 48266 | F54: 0 | G54: 48266000 | H54: 403 | I54: 25200 | J54: =I54*D54 -> 40572 | K54: 53 | L54: =SUM($I$2:$I54) -> 1684000 | M54: =SUM($J$2:$J54) -> 3615504 | N54: =SUM($D$2:$D54) -> 115.02 | O54: =N54/$T$4 -> 0.0068544336 | P54: {=SUMPRODUCT((O54>$T$9:$T$14)*(O54<=$U$9:$U$14),$S$9:$S$14)} -> 1
A55: 910 | B55: 536 | C55: 180 | D55: 2.1 | E55: 10109 | F55: 0 | G55: 10108000 | H55: QEW | I55: 24900 | J55: =I55*D55 -> 52290 | K55: 54 | L55: =SUM($I$2:$I55) -> 1708900 | M55: =SUM($J$2:$J55) -> 3667794 | N55: =SUM($D$2:$D55) -> 117.12 | O55: =N55/$T$4 -> 0.0069795797 | P55: {=SUMPRODUCT((O55>$T$9:$T$14)*(O55<=$U$9:$U$14),$S$9:$S$14)} -> 1
A56: 913 | B56: 539 | C56: 183 | D56: 0.91 | E56: 10108 | F56: 0 | G56: 10108000 | H56: QEW | I56: 24900 | J56: =I56*D56 -> 22659 | K56: 55 | L56: =SUM($I$2:$I56) -> 1733800 | M56: =SUM($J$2:$J56) -> 3690453 | N56: =SUM($D$2:$D56) -> 118.03 | O56: =N56/$T$4 -> 0.0070338097 | P56: {=SUMPRODUCT((O56>$T$9:$T$14)*(O56<=$U$9:$U$14),$S$9:$S$14)} -> 1
A57: 1446 | B57: 278 | C57: 1401 | D57: 1.82 | E57: 47625 | F57: 0 | G57: 47625000 | H57: 401 | I57: 24300 | J57: =I57*D57 -> 44226 | K57: 56 | L57: =SUM($I$2:$I57) -> 1758100 | M57: =SUM($J$2:$J57) -> 3734679 | N57: =SUM($D$2:$D57) -> 119.85 | O57: =N57/$T$4 -> 0.0071422697 | P57: {=SUMPRODUCT((O57>$T$9:$T$14)*(O57<=$U$9:$U$14),$S$9:$S$14)} -> 1
A58: 9 | B58: 806 | C58: 1558 | D58: 1.5 | E58: 47728 | F58: 0 | G58: 47728000 | H58: 401 | I58: 23500 | J58: =I58*D58 -> 35250 | K58: 57 | L58: =SUM($I$2:$I58) -> 1781600 | M58: =SUM($J$2:$J58) -> 3769929 | N58: =SUM($D$2:$D58) -> 121.35 | O58: =N58/$T$4 -> 0.0072316598 | P58: {=SUMPRODUCT((O58>$T$9:$T$14)*(O58<=$U$9:$U$14),$S$9:$S$14)} -> 1
A59: 894 | B59: 520 | C59: 155 | D59: 3.13 | E59: 10131 | F59: 0 | G59: 10131000 | H59: QEW | I59: 23400 | J59: =I59*D59 -> 73242 | K59: 58 | L59: =SUM($I$2:$I59) -> 1805000 | M59: =SUM($J$2:$J59) -> 3843171 | N59: =SUM($D$2:$D59) -> 124.48 | O59: =N59/$T$4 -> 0.0074181872 | P59: {=SUMPRODUCT((O59>$T$9:$T$14)*(O59<=$U$9:$U$14),$S$9:$S$14)} -> 1
A60: 39 | B60: 835 | C60: 1589 | D60: 2.39 | E60: 47602 | F60: 0 | G60: 47602000 | H60: 401 | I60: 23400 | J60: =I60*D60 -> 55926 | K60: 59 | L60: =SUM($I$2:$I60) -> 1828400 | M60: =SUM($J$2:$J60) -> 3899097 | N60: =SUM($D$2:$D60) -> 126.87 | O60: =N60/$T$4 -> 0.0075606154 | P60: {=SUMPRODUCT((O60>$T$9:$T$14)*(O60<=$U$9:$U$14),$S$9:$S$14)} -> 1
A61: 116 | B61: 912 | C61: 1671 | D61: 1.93 | E61: 49050 | F61: 0 | G61: 49050000 | H61: 410 | I61: 23300 | J61: =I61*D61 -> 44969 | K61: 60 | L61: =SUM($I$2:$I61) -> 1851700 | M61: =SUM($J$2:$J61) -> 3944066 | N61: =SUM($D$2:$D61) -> 128.8 | O61: =N61/$T$4 -> 0.0076756307 | P61: {=SUMPRODUCT((O61>$T$9:$T$14)*(O61<=$U$9:$U$14),$S$9:$S$14)} -> 1
A62: 67 | B62: 863 | C62: 1619 | D62: 2.53 | E62: 47790 | F62: 0 | G62: 47790000 | H62: 401 | I62: 22700 | J62: =I62*D62 -> 57431 | K62: 61 | L62: =SUM($I$2:$I62) -> 1874400 | M62: =SUM($J$2:$J62) -> 4001497 | N62: =SUM($D$2:$D62) -> 131.33 | O62: =N62/$T$4 -> 0.007826402 | P62: {=SUMPRODUCT((O62>$T$9:$T$14)*(O62<=$U$9:$U$14),$S$9:$S$14)} -> 1
A63: 883 | B63: 509 | C63: 144 | D63: 1.82 | E63: 10151 | F63: 0 | G63: 10151000 | H63: QEW | I63: 22700 | J63: =I63*D63 -> 41314 | K63: 62 | L63: =SUM($I$2:$I63) -> 1897100 | M63: =SUM($J$2:$J63) -> 4042811 | N63: =SUM($D$2:$D63) -> 133.15 | O63: =N63/$T$4 -> 0.007934862 | P63: {=SUMPRODUCT((O63>$T$9:$T$14)*(O63<=$U$9:$U$14),$S$9:$S$14)} -> 1
A64: 412 | B64: 406 | C64: 1554 | D64: 1.42 | E64: 48312 | F64: 0 | G64: 48312000 | H64: 403 | I64: 22700 | J64: =I64*D64 -> 32234 | K64: 63 | L64: =SUM($I$2:$I64) -> 1919800 | M64: =SUM($J$2:$J64) -> 4075045 | N64: =SUM($D$2:$D64) -> 134.57 | O64: =N64/$T$4 -> 0.0080194847 | P64: {=SUMPRODUCT((O64>$T$9:$T$14)*(O64<=$U$9:$U$14),$S$9:$S$14)} -> 1
A65: 98 | B65: 894 | C65: 1652 | D65: 8.32 | E65: 47700 | F65: 0 | G65: 47700000 | H65: 401 | I65: 22400 | J65: =I65*D65 -> 186368 | K65: 64 | L65: =SUM($I$2:$I65) -> 1942200 | M65: =SUM($J$2:$J65) -> 4261413 | N65: =SUM($D$2:$D65) -> 142.89 | O65: =N65/$T$4 -> 0.0085153018 | P65: {=SUMPRODUCT((O65>$T$9:$T$14)*(O65<=$U$9:$U$14),$S$9:$S$14)} -> 1
A66: 1647 | B66: 1647 | C66: 2142 | D66: 2.73 | E66: 47604 | F66: 0 | G66: 47604000 | H66: 401 | I66: 22300 | J66: =I66*D66 -> 60879 | K66: 65 | L66: =SUM($I$2:$I66) -> 1964500 | M66: =SUM($J$2:$J66) -> 4322292 | N66: =SUM($D$2:$D66) -> 145.62 | O66: =N66/$T$4 -> 0.0086779918 | P66: {=SUMPRODUCT((O66>$T$9:$T$14)*(O66<=$U$9:$U$14),$S$9:$S$14)} -> 1
A67: 68 | B67: 864 | C67: 1620 | D67: 4.38 | E67: 47720 | F67: 0 | G67: 47720000 | H67: 401 | I67: 22200 | J67: =I67*D67 -> 97236 | K67: 66 | L67: =SUM($I$2:$I67) -> 1986700 | M67: =SUM($J$2:$J67) -> 4419528 | N67: =SUM($D$2:$D67) -> 150 | O67: =N67/$T$4 -> 0.0089390109 | P67: {=SUMPRODUCT((O67>$T$9:$T$14)*(O67<=$U$9:$U$14),$S$9:$S$14)} -> 1
A68: 914 | B68: 540 | C68: 184 | D68: 4 | E68: 10105 | F68: 0 | G68: 10105000 | H68: QEW | I68: 22100 | J68: =I68*D68 -> 88400 | K68: 67 | L68: =SUM($I$2:$I68) -> 2008800 | M68: =SUM($J$2:$J68) -> 4507928 | N68: =SUM($D$2:$D68) -> 154 | O68: =N68/$T$4 -> 0.0091773845 | P68: {=SUMPRODUCT((O68>$T$9:$T$14)*(O68<=$U$9:$U$14),$S$9:$S$14)} -> 1
A69: 1590 | B69: 1590 | C69: 2079 | D69: 7.48 | E69: 47715 | F69: 0 | G69: 47715000 | H69: 401 | I69: 22000 | J69: =I69*D69 -> 164560 | K69: 68 | L69: =SUM($I$2:$I69) -> 2030800 | M69: =SUM($J$2:$J69) -> 4672488 | N69: =SUM($D$2:$D69) -> 161.48 | O69: =N69/$T$4 -> 0.0096231432 | P69: {=SUMPRODUCT((O69>$T$9:$T$14)*(O69<=$U$9:$U$14),$S$9:$S$14)} -> 1
A70: 881 | B70: 507 | C70: 142 | D70: 0.62 | E70: 10155 | F70: 0 | G70: 10155000 | H70: QEW | I70: 21500 | J70: =I70*D70 -> 13330 | K70: 69 | L70: =SUM($I$2:$I70) -> 2052300 | M70: =SUM($J$2:$J70) -> 4685818 | N70: =SUM($D$2:$D70) -> 162.1 | O70: =N70/$T$4 -> 0.0096600911 | P70: {=SUMPRODUCT((O70>$T$9:$T$14)*(O70<=$U$9:$U$14),$S$9:$S$14)} -> 1
A71: 56 | B71: 852 | C71: 1607 | D71: 2.29 | E71: 47725 | F71: 0 | G71: 47725000 | H71: 401 | I71: 21400 | J71: =I71*D71 -> 49006 | K71: 70 | L71: =SUM($I$2:$I71) -> 2073700 | M71: =SUM($J$2:$J71) -> 4734824 | N71: =SUM($D$2:$D71) -> 164.39 | O71: =N71/$T$4 -> 0.00979656 | P71: {=SUMPRODUCT((O71>$T$9:$T$14)*(O71<=$U$9:$U$14),$S$9:$S$14)} -> 1
A72: 1563 | B72: 395 | C72: 1543 | D72: 9.18 | E72: 47723 | F72: 0 | G72: 47723000 | H72: 401 | I72: 21300 | J72: =I72*D72 -> 195534 | K72: 71 | L72: =SUM($I$2:$I72) -> 2095000 | M72: =SUM($J$2:$J72) -> 4930358 | N72: =SUM($D$2:$D72) -> 173.57 | O72: =N72/$T$4 -> 0.010343627 | P72: {=SUMPRODUCT((O72>$T$9:$T$14)*(O72<=$U$9:$U$14),$S$9:$S$14)} -> 1
A73: 1663 | B73: 1663 | C73: 2161 | D73: 4.5 | E73: 47710 | F73: 0 | G73: 47710000 | H73: 401 | I73: 21300 | J73: =I73*D73 -> 95850 | K73: 72 | L73: =SUM($I$2:$I73) -> 2116300 | M73: =SUM($J$2:$J73) -> 5026208 | N73: =SUM($D$2:$D73) -> 178.07 | O73: =N73/$T$4 -> 0.010611798 | P73: {=SUMPRODUCT((O73>$T$9:$T$14)*(O73<=$U$9:$U$14),$S$9:$S$14)} -> 1
A74: 884 | B74: 510 | C74: 145 | D74: 2.23 | E74: 10150 | F74: 0 | G74: 10150000 | H74: QEW | I74: 21100 | J74: =I74*D74 -> 47053 | K74: 73 | L74: =SUM($I$2:$I74) -> 2137400 | M74: =SUM($J$2:$J74) -> 5073261 | N74: =SUM($D$2:$D74) -> 180.3 | O74: =N74/$T$4 -> 0.010744691 | P74: {=SUMPRODUCT((O74>$T$9:$T$14)*(O74<=$U$9:$U$14),$S$9:$S$14)} -> 1
A75: 899 | B75: 525 | C75: 160 | D75: 2.13 | E75: 10125 | F75: 0 | G75: 10125000 | H75: QEW | I75: 21000 | J75: =I75*D75 -> 44730 | K75: 74 | L75: =SUM($I$2:$I75) -> 2158400 | M75: =SUM($J$2:$J75) -> 5117991 | N75: =SUM($D$2:$D75) -> 182.43 | O75: =N75/$T$4 -> 0.010871625 | P75: {=SUMPRODUCT((O75>$T$9:$T$14)*(O75<=$U$9:$U$14),$S$9:$S$14)} -> 1
A76: 376 | B76: 1171 | C76: 2055 | D76: 3.79 | E76: 47805 | F76: 0 | G76: 47805000 | H76: 401 | I76: 20800 | J76: =I76*D76 -> 78832 | K76: 75 | L76: =SUM($I$2:$I76) -> 2179200 | M76: =SUM($J$2:$J76) -> 5196823 | N76: =SUM($D$2:$D76) -> 186.22 | O76: =N76/$T$4 -> 0.011097484 | P76: {=SUMPRODUCT((O76>$T$9:$T$14)*(O76<=$U$9:$U$14),$S$9:$S$14)} -> 1
A77: 1546 | B77: 378 | C77: 1522 | D77: 3.36 | E77: 47776 | F77: 0 | G77: 47776000 | H77: 401 | I77: 20800 | J77: =I77*D77 -> 69888 | K77: 76 | L77: =SUM($I$2:$I77) -> 2200000 | M77: =SUM($J$2:$J77) -> 5266711 | N77: =SUM($D$2:$D77) -> 189.58 | O77: =N77/$T$4 -> 0.011297718 | P77: {=SUMPRODUCT((O77>$T$9:$T$14)*(O77<=$U$9:$U$14),$S$9:$S$14)} -> 1
A78: 1626 | B78: 1626 | C78: 2119 | D78: 3.68 | E78: 47800 | F78: 0 | G78: 47800000 | H78: 401 | I78: 20600 | J78: =I78*D78 -> 75808 | K78: 77 | L78: =SUM($I$2:$I78) -> 2220600 | M78: =SUM($J$2:$J78) -> 5342519 | N78: =SUM($D$2:$D78) -> 193.26 | O78: =N78/$T$4 -> 0.011517022 | P78: {=SUMPRODUCT((O78>$T$9:$T$14)*(O78<=$U$9:$U$14),$S$9:$S$14)} -> 1
A79: 902 | B79: 528 | C79: 167 | D79: 2.02 | E79: 10123 | F79: 0 | G79: 10123000 | H79: QEW | I79: 20600 | J79: =I79*D79 -> 41612 | K79: 78 | L79: =SUM($I$2:$I79) -> 2241200 | M79: =SUM($J$2:$J79) -> 5384131 | N79: =SUM($D$2:$D79) -> 195.28 | O79: =N79/$T$4 -> 0.0116374 | P79: {=SUMPRODUCT((O79>$T$9:$T$14)*(O79<=$U$9:$U$14),$S$9:$S$14)} -> 1
A80: 888 | B80: 514 | C80: 149 | D80: 1.4 | E80: 10140 | F80: 0 | G80: 10140000 | H80: QEW | I80: 20600 | J80: =I80*D80 -> 28840 | K80: 79 | L80: =SUM($I$2:$I80) -> 2261800 | M80: =SUM($J$2:$J80) -> 5412971 | N80: =SUM($D$2:$D80) -> 196.68 | O80: =N80/$T$4 -> 0.011720831 | P80: {=SUMPRODUCT((O80>$T$9:$T$14)*(O80<=$U$9:$U$14),$S$9:$S$14)} -> 1
A81: 1607 | B81: 1607 | C81: 2097 | D81: 4.49 | E81: 47815 | F81: 0 | G81: 47815000 | H81: 401 | I81: 20400 | J81: =I81*D81 -> 91596 | K81: 80 | L81: =SUM($I$2:$I81) -> 2282200 | M81: =SUM($J$2:$J81) -> 5504567 | N81: =SUM($D$2:$D81) -> 201.17 | O81: =N81/$T$4 -> 0.011988406 | P81: {=SUMPRODUCT((O81>$T$9:$T$14)*(O81<=$U$9:$U$14),$S$9:$S$14)} -> 1
A82: 1543 | B82: 375 | C82: 1519 | D82: 2.93 | E82: 47577 | F82: 0 | G82: 47577000 | H82: 401 | I82: 20400 | J82: =I82*D82 -> 59772 | K82: 81 | L82: =SUM($I$2:$I82) -> 2302600 | M82: =SUM($J$2:$J82) -> 5564339 | N82: =SUM($D$2:$D82) -> 204.1 | O82: =N82/$T$4 -> 0.012163014 | P82: {=SUMPRODUCT((O82>$T$9:$T$14)*(O82<=$U$9:$U$14),$S$9:$S$14)} -> 1
A83: 909 | B83: 535 | C83: 179 | D83: 2.07 | E83: 10113 | F83: 0 | G83: 10113000 | H83: QEW | I83: 20400 | J83: =I83*D83 -> 42228 | K83: 82 | L83: =SUM($I$2:$I83) -> 2323000 | M83: =SUM($J$2:$J83) -> 5606567 | N83: =SUM($D$2:$D83) -> 206.17 | O83: =N83/$T$4 -> 0.012286373 | P83: {=SUMPRODUCT((O83>$T$9:$T$14)*(O83<=$U$9:$U$14),$S$9:$S$14)} -> 1
A84: 1632 | B84: 1632 | C84: 2127 | D84: 7.59 | E84: 47784 | F84: 0 | G84: 47784000 | H84: 401 | I84: 20300 | J84: =I84*D84 -> 154077 | K84: 83 | L84: =SUM($I$2:$I84) -> 2343300 | M84: =SUM($J$2:$J84) -> 5760644 | N84: =SUM($D$2:$D84) -> 213.76 | O84: =N84/$T$4 -> 0.012738686 | P84: {=SUMPRODUCT((O84>$T$9:$T$14)*(O84<=$U$9:$U$14),$S$9:$S$14)} -> 1
A85: 885 | B85: 511 | C85: 146 | D85: 2.03 | E85: 10146 | F85: 0 | G85: 10146000 | H85: QEW | I85: 20300 | J85: =I85*D85 -> 41209 | K85: 84 | L85: =SUM($I$2:$I85) -> 2363600 | M85: =SUM($J$2:$J85) -> 5801853 | N85: =SUM($D$2:$D85) -> 215.79 | O85: =N85/$T$4 -> 0.012859661 | P85: {=SUMPRODUCT((O85>$T$9:$T$14)*(O85<=$U$9:$U$14),$S$9:$S$14)} -> 1
A86: 882 | B86: 508 | C86: 143 | D86: 1.82 | E86: 10153 | F86: 0 | G86: 10153000 | H86: QEW | I86: 20300 | J86: =I86*D86 -> 36946 | K86: 85 | L86: =SUM($I$2:$I86) -> 2383900 | M86: =SUM($J$2:$J86) -> 5838799 | N86: =SUM($D$2:$D86) -> 217.61 | O86: =N86/$T$4 -> 0.012968121 | P86: {=SUMPRODUCT((O86>$T$9:$T$14)*(O86<=$U$9:$U$14),$S$9:$S$14)} -> 1
A87: 1594 | B87: 1594 | C87: 2083 | D87: 3.11 | E87: 47594 | F87: 0 | G87: 47594000 | H87: 401 | I87: 20000 | J87: =I87*D87 -> 62200 | K87: 86 | L87: =SUM($I$2:$I87) -> 2403900 | M87: =SUM($J$2:$J87) -> 5900999 | N87: =SUM($D$2:$D87) -> 220.72 | O87: =N87/$T$4 -> 0.013153457 | P87: {=SUMPRODUCT((O87>$T$9:$T$14)*(O87<=$U$9:$U$14),$S$9:$S$14)} -> 1
A88: 1453 | B88: 285 | C88: 1408 | D88: 2.06 | E88: 46815 | F88: 0 | G88: 46815000 | H88: 400 | I88: 20000 | J88: =I88*D88 -> 41200 | K88: 87 | L88: =SUM($I$2:$I88) -> 2423900 | M88: =SUM($J$2:$J88) -> 5942199 | N88: =SUM($D$2:$D88) -> 222.78 | O88: =N88/$T$4 -> 0.013276219 | P88: {=SUMPRODUCT((O88>$T$9:$T$14)*(O88<=$U$9:$U$14),$S$9:$S$14)} -> 1
A89: 687 | B89: 1474 | C89: 925 | D89: 1.73 | E89: 10100 | F89: 0 | G89: 10100000 | H89: QEW | I89: 19900 | J89: =I89*D89 -> 34427 | K89: 88 | L89: =SUM($I$2:$I89) -> 2443800 | M89: =SUM($J$2:$J89) -> 5976626 | N89: =SUM($D$2:$D89) -> 224.51 | O89: =N89/$T$4 -> 0.013379316 | P89: {=SUMPRODUCT((O89>$T$9:$T$14)*(O89<=$U$9:$U$14),$S$9:$S$14)} -> 1
A90: 1559 | B90: 391 | C90: 1538 | D90: 2.53 | E90: 47596 | F90: 0 | G90: 47596000 | H90: 401 | I90: 19800 | J90: =I90*D90 -> 50094 | K90: 89 | L90: =SUM($I$2:$I90) -> 2463600 | M90: =SUM($J$2:$J90) -> 6026720 | N90: =SUM($D$2:$D90) -> 227.04 | O90: =N90/$T$4 -> 0.013530087 | P90: {=SUMPRODUCT((O90>$T$9:$T$14)*(O90<=$U$9:$U$14),$S$9:$S$14)} -> 1
A91: 117 | B91: 913 | C91: 1672 | D91: 3.69 | E91: 47786 | F91: 0 | G91: 47786000 | H91: 401 | I91: 19500 | J91: =I91*D91 -> 71955 | K91: 90 | L91: =SUM($I$2:$I91) -> 2483100 | M91: =SUM($J$2:$J91) -> 6098675 | N91: =SUM($D$2:$D91) -> 230.73 | O91: =N91/$T$4 -> 0.013749987 | P91: {=SUMPRODUCT((O91>$T$9:$T$14)*(O91<=$U$9:$U$14),$S$9:$S$14)} -> 1
A92: 110 | B92: 906 | C92: 1664 | D92: 2.35 | E92: 47688 | F92: 0 | G92: 47688000 | H92: 401 | I92: 19400 | J92: =I92*D92 -> 45590 | K92: 91 | L92: =SUM($I$2:$I92) -> 2502500 | M92: =SUM($J$2:$J92) -> 6144265 | N92: =SUM($D$2:$D92) -> 233.08 | O92: =N92/$T$4 -> 0.013890031 | P92: {=SUMPRODUCT((O92>$T$9:$T$14)*(O92<=$U$9:$U$14),$S$9:$S$14)} -> 1
A93: 1650 | B93: 1650 | C93: 2145 | D93: 2.12 | E93: 48260 | F93: 0 | G93: 48260000 | H93: 403 | I93: 19400 | J93: =I93*D93 -> 41128 | K93: 92 | L93: =SUM($I$2:$I93) -> 2521900 | M93: =SUM($J$2:$J93) -> 6185393 | N93: =SUM($D$2:$D93) -> 235.2 | O93: =N93/$T$4 -> 0.014016369 | P93: {=SUMPRODUCT((O93>$T$9:$T$14)*(O93<=$U$9:$U$14),$S$9:$S$14)} -> 1
A94: 107 | B94: 903 | C94: 1661 | D94: 1.52 | E94: 48986 | F94: 0 | G94: 48986000 | H94: 409 | I94: 19200 | J94: =I94*D94 -> 29184 | K94: 93 | L94: =SUM($I$2:$I94) -> 2541100 | M94: =SUM($J$2:$J94) -> 6214577 | N94: =SUM($D$2:$D94) -> 236.72 | O94: =N94/$T$4 -> 0.014106951 | P94: {=SUMPRODUCT((O94>$T$9:$T$14)*(O94<=$U$9:$U$14),$S$9:$S$14)} -> 1
A95: 891 | B95: 517 | C95: 152 | D95: 2.13 | E95: 10133 | F95: 0 | G95: 10133000 | H95: QEW | I95: 19100 | J95: =I95*D95 -> 40683 | K95: 94 | L95: =SUM($I$2:$I95) -> 2560200 | M95: =SUM($J$2:$J95) -> 6255260 | N95: =SUM($D$2:$D95) -> 238.85 | O95: =N95/$T$4 -> 0.014233885 | P95: {=SUMPRODUCT((O95>$T$9:$T$14)*(O95<=$U$9:$U$14),$S$9:$S$14)} -> 1
A96: 122 | B96: 918 | C96: 1677 | D96: 3.2 | E96: 47820 | F96: 0 | G96: 47820000 | H96: 401 | I96: 18800 | J96: =I96*D96 -> 60160 | K96: 95 | L96: =SUM($I$2:$I96) -> 2579000 | M96: =SUM($J$2:$J96) -> 6315420 | N96: =SUM($D$2:$D96) -> 242.05 | O96: =N96/$T$4 -> 0.014424584 | P96: {=SUMPRODUCT((O96>$T$9:$T$14)*(O96<=$U$9:$U$14),$S$9:$S$14)} -> 1
A97: 1542 | B97: 374 | C97: 1518 | D97: 3.34 | E97: 47578 | F97: 0 | G97: 47578000 | H97: 401 | I97: 18700 | J97: =I97*D97 -> 62458 | K97: 96 | L97: =SUM($I$2:$I97) -> 2597700 | M97: =SUM($J$2:$J97) -> 6377878 | N97: =SUM($D$2:$D97) -> 245.39 | O97: =N97/$T$4 -> 0.014623626 | P97: {=SUMPRODUCT((O97>$T$9:$T$14)*(O97<=$U$9:$U$14),$S$9:$S$14)} -> 1
A98: 1629 | B98: 1629 | C98: 2123 | D98: 7.47 | E98: 47793 | F98: 0 | G98: 47793000 | H98: 401 | I98: 18600 | J98: =I98*D98 -> 138942 | K98: 97 | L98: =SUM($I$2:$I98) -> 2616300 | M98: =SUM($J$2:$J98) -> 6516820 | N98: =SUM($D$2:$D98) -> 252.86 | O98: =N98/$T$4 -> 0.015068789 | P98: {=SUMPRODUCT((O98>$T$9:$T$14)*(O98<=$U$9:$U$14),$S$9:$S$14)} -> 1
A99: 1668 | B99: 1668 | C99: 2166 | D99: 2.89 | E99: 47740 | F99: 0 | G99: 47740000 | H99: 401 | I99: 18600 | J99: =I99*D99 -> 53754 | K99: 98 | L99: =SUM($I$2:$I99) -> 2634900 | M99: =SUM($J$2:$J99) -> 6570574 | N99: =SUM($D$2:$D99) -> 255.75 | O99: =N99/$T$4 -> 0.015241014 | P99: {=SUMPRODUCT((O99>$T$9:$T$14)*(O99<=$U$9:$U$14),$S$9:$S$14)} -> 1
A100: 49 | B100: 845 | C100: 1600 | D100: 2.71 | E100: 47823 | F100: 0 | G100: 47823000 | H100: 401 | I100: 18400 | J100: =I100*D100 -> 49864 | K100: 99 | L100: =SUM($I$2:$I100) -> 2653300 | M100: =SUM($J$2:$J100) -> 6620438 | N100: =SUM($D$2:$D100) -> 258.46 | O100: =N100/$T$4 -> 0.015402512 | P100: {=SUMPRODUCT((O100>$T$9:$T$14)*(O100<=$U$9:$U$14),$S$9:$S$14)} -> 1
A101: 1454 | B101: 286 | C101: 1409 | D101: 4.36 | E101: 46810 | F101: 0 | G101: 46810000 | H101: 400 | I101: 18300 | J101: =I101*D101 -> 79788 | K101: 100 | L101: =SUM($I$2:$I101) -> 2671600 | M101: =SUM($J$2:$J101) -> 6700226 | N101: =SUM($D$2:$D101) -> 262.82 | O101: =N101/$T$4 -> 0.015662339 | P101: {=SUMPRODUCT((O101>$T$9:$T$14)*(O101<=$U$9:$U$14),$S$9:$S$14)} -> 1
A102: 897 | B102: 523 | C102: 158 | D102: 1.62 | E102: 10128 | F102: 0 | G102: 10128000 | H102: QEW | I102: 18200 | J102: =I102*D102 -> 29484 | K102: 101 | L102: =SUM($I$2:$I102) -> 2689800 | M102: =SUM($J$2:$J102) -> 6729710 | N102: =SUM($D$2:$D102) -> 264.44 | O102: =N102/$T$4 -> 0.01575888 | P102: {=SUMPRODUCT((O102>$T$9:$T$14)*(O102<=$U$9:$U$14),$S$9:$S$14)} -> 1
A103: 895 | B103: 521 | C103: 156 | D103: 2.15 | E103: 10130 | F103: 0 | G103: 10130000 | H103: QEW | I103: 18100 | J103: =I103*D103 -> 38915 | K103: 102 | L103: =SUM($I$2:$I103) -> 2707900 | M103: =SUM($J$2:$J103) -> 6768625 | N103: =SUM($D$2:$D103) -> 266.59 | O103: =N103/$T$4 -> 0.015887006 | P103: {=SUMPRODUCT((O103>$T$9:$T$14)*(O103<=$U$9:$U$14),$S$9:$S$14)} -> 1
A104: 1604 | B104: 1604 | C104: 2094 | D104: 2.42 | E104: 49065 | F104: 0 | G104: 49065000 | H104: 410 | I104: 17900 | J104: =I104*D104 -> 43318 | K104: 103 | L104: =SUM($I$2:$I104) -> 2725800 | M104: =SUM($J$2:$J104) -> 6811943 | N104: =SUM($D$2:$D104) -> 269.01 | O104: =N104/$T$4 -> 0.016031222 | P104: {=SUMPRODUCT((O104>$T$9:$T$14)*(O104<=$U$9:$U$14),$S$9:$S$14)} -> 1
A105: 65 | B105: 861 | C105: 1617 | D105: 1.51 | E105: 49055 | F105: 0 | G105: 49055000 | H105: 410 | I105: 17900 | J105: =I105*D105 -> 27029 | K105: 104 | L105: =SUM($I$2:$I105) -> 2743700 | M105: =SUM($J$2:$J105) -> 6838972 | N105: =SUM($D$2:$D105) -> 270.52 | O105: =N105/$T$4 -> 0.016121208 | P105: {=SUMPRODUCT((O105>$T$9:$T$14)*(O105<=$U$9:$U$14),$S$9:$S$14)} -> 1
A106: 105 | B106: 901 | C106: 1659 | D106: 17.76 | E106: 47750 | F106: 0 | G106: 47750000 | H106: 401 | I106: 17600 | J106: =I106*D106 -> 312576 | K106: 105 | L106: =SUM($I$2:$I106) -> 2761300 | M106: =SUM($J$2:$J106) -> 7151548 | N106: =SUM($D$2:$D106) -> 288.28 | O106: =N106/$T$4 -> 0.017179587 | P106: {=SUMPRODUCT((O106>$T$9:$T$14)*(O106<=$U$9:$U$14),$S$9:$S$14)} -> 1
A107: 886 | B107: 512 | C107: 147 | D107: 4.21 | E107: 10144 | F107: 0 | G107: 10144000 | H107: QEW | I107: 17300 | J107: =I107*D107 -> 72833 | K107: 106 | L107: =SUM($I$2:$I107) -> 2778600 | M107: =SUM($J$2:$J107) -> 7224381 | N107: =SUM($D$2:$D107) -> 292.49 | O107: =N107/$T$4 -> 0.017430475 | P107: {=SUMPRODUCT((O107>$T$9:$T$14)*(O107<=$U$9:$U$14),$S$9:$S$14)} -> 1
A108: 1541 | B108: 373 | C108: 1517 | D108: 5.63 | E108: 47580 | F108: 0 | G108: 47580000 | H108: 401 | I108: 17200 | J108: =I108*D108 -> 96836 | K108: 107 | L108: =SUM($I$2:$I108) -> 2795800 | M108: =SUM($J$2:$J108) -> 7321217 | N108: =SUM($D$2:$D108) -> 298.12 | O108: =N108/$T$4 -> 0.017765986 | P108: {=SUMPRODUCT((O108>$T$9:$T$14)*(O108<=$U$9:$U$14),$S$9:$S$14)} -> 1
A109: 102 | B109: 898 | C109: 1656 | D109: 1.82 | E109: 50350 | F109: 0 | G109: 50350000 | H109: 427 | I109: 17000 | J109: =I109*D109 -> 30940 | K109: 108 | L109: =SUM($I$2:$I109) -> 2812800 | M109: =SUM($J$2:$J109) -> 7352157 | N109: =SUM($D$2:$D109) -> 299.94 | O109: =N109/$T$4 -> 0.017874446 | P109: {=SUMPRODUCT((O109>$T$9:$T$14)*(O109<=$U$9:$U$14),$S$9:$S$14)} -> 1
A110: 60 | B110: 856 | C110: 1612 | D110: 1.9 | E110: 47810 | F110: 0 | G110: 47810000 | H110: 401 | I110: 16900 | J110: =I110*D110 -> 32110 | K110: 109 | L110: =SUM($I$2:$I110) -> 2829700 | M110: =SUM($J$2:$J110) -> 7384267 | N110: =SUM($D$2:$D110) -> 301.84 | O110: =N110/$T$4 -> 0.017987674 | P110: {=SUMPRODUCT((O110>$T$9:$T$14)*(O110<=$U$9:$U$14),$S$9:$S$14)} -> 1
A111: 683 | B111: 1470 | C111: 920 | D111: 2.87 | E111: 10066 | F111: 0 | G111: 10066000 | H111: QEW | I111: 16400 | J111: =I111*D111 -> 47068 | K111: 110 | L111: =SUM($I$2:$I111) -> 2846100 | M111: =SUM($J$2:$J111) -> 7431335 | N111: =SUM($D$2:$D111) -> 304.71 | O111: =N111/$T$4 -> 0.018158707 | P111: {=SUMPRODUCT((O111>$T$9:$T$14)*(O111<=$U$9:$U$14),$S$9:$S$14)} -> 1
A112: 408 | B112: 405 | C112: 1553 | D112: 1.83 | E112: 48325 | F112: 0 | G112: 48325000 | H112: 403 | I112: 16400 | J112: =I112*D112 -> 30012 | K112: 111 | L112: =SUM($I$2:$I112) -> 2862500 | M112: =SUM($J$2:$J112) -> 7461347 | N112: =SUM($D$2:$D112) -> 306.54 | O112: =N112/$T$4 -> 0.018267763 | P112: {=SUMPRODUCT((O112>$T$9:$T$14)*(O112<=$U$9:$U$14),$S$9:$S$14)} -> 1
A113: 1537 | B113: 369 | C113: 1513 | D113: 0.82 | E113: 47587 | F113: 0 | G113: 47587000 | H113: 401 | I113: 16100 | J113: =I113*D113 -> 13202 | K113: 112 | L113: =SUM($I$2:$I113) -> 2878600 | M113: =SUM($J$2:$J113) -> 7474549 | N113: =SUM($D$2:$D113) -> 307.36 | O113: =N113/$T$4 -> 0.018316629 | P113: {=SUMPRODUCT((O113>$T$9:$T$14)*(O113<=$U$9:$U$14),$S$9:$S$14)} -> 1
...
